"att1","att2","label"
0.12788284423171387,-3.2545657937407197,"spiral1"
0.20162018796443865,-3.441110149363258,"spiral1"
0.13538593901286206,-3.3894810704893334,"spiral1"
0.3951882437606171,-3.3213793084548286,"spiral1"
0.44567103556679505,-3.382348192192972,"spiral1"
0.4397290818043741,-3.4583938073432345,"spiral1"
0.5859612121281002,-3.4963167000557624,"spiral1"
0.9241695720366082,-3.4578615739285694,"spiral1"
1.1932408004886728,-3.3808215366277596,"spiral1"
1.0066932740876735,-3.361840813336122,"spiral1"
1.0947880121288447,-3.244188048519508,"spiral1"
0.9981143239766653,-3.4776636272536363,"spiral1"
1.4328725587631812,-3.3299823638823804,"spiral1"
1.2519705498165843,-3.2417026820704677,"spiral1"
1.6136497780251418,-3.245897921135033,"spiral1"
1.5630739272666567,-3.3501768185757403,"spiral1"
1.77801548563786,-3.367945430021705,"spiral1"
1.5756913430154442,-3.259720558780597,"spiral1"
1.8624258247574024,-3.112511213509201,"spiral1"
2.0153964075764983,-3.219642231592338,"spiral1"
2.0837938903213717,-2.956456347098111,"spiral1"
2.1288335401285234,-3.151775488301318,"spiral1"
2.2555234668390813,-3.1639225333090977,"spiral1"
2.4489517439202833,-3.0073154883157778,"spiral1"
2.485605566505089,-2.8031422873307785,"spiral1"
2.757874316480159,-2.77544980263475,"spiral1"
2.776893129229082,-2.656457262447707,"spiral1"
2.658349633499243,-2.791748388697454,"spiral1"
2.962515946152082,-2.7087513793759954,"spiral1"
2.8054189865120844,-2.6091587975058497,"spiral1"
3.046904186548983,-2.634490185279807,"spiral1"
3.0956294907366977,-2.5070896316090856,"spiral1"
3.247013113593127,-2.183307268858777,"spiral1"
3.2969812682975235,-2.3897516762263002,"spiral1"
3.6211746707965733,-2.311868637753081,"spiral1"
3.459942360773967,-2.1176714667916454,"spiral1"
3.495753159644812,-1.90567775362621,"spiral1"
3.646816426682345,-2.0300167834472402,"spiral1"
3.7010373737764226,-1.92933441558673,"spiral1"
3.7638614530906,-1.8396266353010644,"spiral1"
3.773878030979049,-1.56236199753487,"spiral1"
4.033502575443232,-1.5933577947510926,"spiral1"
3.9417202137034035,-1.403766875741313,"spiral1"
3.905061832935424,-1.3270683172589126,"spiral1"
4.13045078116554,-1.2005041685365618,"spiral1"
4.3754951221810545,-1.0454168479576276,"spiral1"
4.088782488607537,-0.8661656499875638,"spiral1"
4.101733503714859,-1.0541672762038035,"spiral1"
4.186312316211984,-0.8154329271331003,"spiral1"
4.269410920613872,-0.7358570081700329,"spiral1"
4.3839781907124244,-0.5652527132689954,"spiral1"
4.515598059345202,-0.3218596203449875,"spiral1"
4.341357088253429,-0.32092527518179426,"spiral1"
4.2973062449138535,-0.18739542353912284,"spiral1"
4.379844220743295,-0.061589484526316754,"spiral1"
4.312239716788439,0.20581451512695256,"spiral1"
4.437294253749829,0.2196362425640788,"spiral1"
4.402308733306743,0.18211638760105575,"spiral1"
4.520533058995515,0.34434557423440704,"spiral1"
4.4488775812521055,0.5266027978124226,"spiral1"
4.524371133203219,0.6974913313016692,"spiral1"
4.572272173150024,0.6643836618662609,"spiral1"
4.609751154527485,1.1028559396520807,"spiral1"
4.3871033963370945,1.0511938352815906,"spiral1"
4.406180479739167,1.3006644337845032,"spiral1"
4.443869850301,1.2661412523486062,"spiral1"
4.392420340964662,1.5028528855120142,"spiral1"
4.356162560168251,1.5584450457692514,"spiral1"
4.320076622455705,1.587843319473264,"spiral1"
4.383073180586292,1.9474370335352518,"spiral1"
4.410507277663237,2.0165601094502508,"spiral1"
4.276406308401498,2.1998774503499217,"spiral1"
4.066268217184939,2.1800985837250977,"spiral1"
4.022541657202202,2.331564142516091,"spiral1"
4.153118153163503,2.662029567488755,"spiral1"
4.288298759515872,2.596662440298211,"spiral1"
3.9552369702736363,2.891912341704615,"spiral1"
4.0761812569901235,2.786971988623156,"spiral1"
3.9365915439991084,2.993098645993201,"spiral1"
3.791242326019288,3.279002645713149,"spiral1"
3.765105985854607,3.2803519416897013,"spiral1"
3.7425572528719027,3.433242642867704,"spiral1"
3.604188025615958,3.6727248545022033,"spiral1"
3.4651166051395097,3.6342527057732656,"spiral1"
3.1588676431639655,3.8086905984307586,"spiral1"
3.235713788370236,3.79237713120908,"spiral1"
3.2712588719655806,3.801975337463637,"spiral1"
3.2589817555322638,3.918371015716512,"spiral1"
2.94857142991333,4.200424284426541,"spiral1"
2.7931386283063335,4.272994639180918,"spiral1"
2.761367682511325,4.301124528160308,"spiral1"
2.576906033374664,4.3953669593129,"spiral1"
2.5489174716991427,4.526887762919543,"spiral1"
2.5622935191908502,4.690209993700823,"spiral1"
2.358038626856526,4.548269426389789,"spiral1"
2.097812830315466,4.834997431023646,"spiral1"
2.0184812142984416,4.63600750656112,"spiral1"
1.9792219914714217,4.919066203841146,"spiral1"
1.8557996033603104,5.051790305798697,"spiral1"
1.6025663325100297,5.0078641140305376,"spiral1"
1.4317366399853209,5.0429417347102286,"spiral1"
1.5514814321283443,5.228001457554418,"spiral1"
1.0982953895068837,5.524033348367776,"spiral1"
1.0807685363383108,5.2259177628507345,"spiral1"
1.0178555723265328,5.228398103760203,"spiral1"
0.6349270608786487,5.363223249264166,"spiral1"
0.5736864351601202,5.392955812723351,"spiral1"
0.5280229742281878,5.498610185036085,"spiral1"
0.5404646199207821,5.56825063660438,"spiral1"
0.3430643591207604,5.570153778096222,"spiral1"
0.09877118749236889,5.7499288313838095,"spiral1"
-0.16319998695423618,5.528820536715031,"spiral1"
-0.29246953964084177,5.64592942474449,"spiral1"
-0.40373705253962916,5.698316201452992,"spiral1"
-0.4596951175031881,5.626874479216109,"spiral1"
-0.8122274542901234,5.655995527547605,"spiral1"
-0.992891558655883,5.590154999294474,"spiral1"
-1.1332636857771465,5.6521662356606095,"spiral1"
-1.3130087373870982,5.58878089194516,"spiral1"
-1.1953123321087515,5.589465421169544,"spiral1"
-1.4820843994363404,5.616538156066319,"spiral1"
-1.7027724689385138,5.39123731445299,"spiral1"
-1.7810891032432599,5.321002284871048,"spiral1"
-2.131355505226143,5.682367126407978,"spiral1"
-2.1767993334574736,5.365577327458258,"spiral1"
-2.4912614044548005,5.448470589407737,"spiral1"
-2.5863471488493697,5.373624791412883,"spiral1"
-2.5540660797593495,5.192195252191099,"spiral1"
-2.885766404588519,5.2515116886373026,"spiral1"
-3.276502630576361,5.098399191258853,"spiral1"
-3.091754354516611,4.993740924109301,"spiral1"
-3.3964179357112863,4.867144033790897,"spiral1"
-3.2610480373215336,4.956000465834498,"spiral1"
-3.9004109414215153,4.968513689536435,"spiral1"
-3.80131147919393,4.607245190245926,"spiral1"
-4.002889720061185,4.598922811716354,"spiral1"
-3.9805773442149683,4.47801428028033,"spiral1"
-4.191435555394141,4.428177450880171,"spiral1"
-4.382149830160765,4.417885676973898,"spiral1"
-4.38299702086293,4.171163058793364,"spiral1"
-4.640346579019869,4.132048137793667,"spiral1"
-4.687904069699324,3.942447462446985,"spiral1"
-4.864485680718706,3.9025771612188747,"spiral1"
-4.951161097708045,3.739661351632652,"spiral1"
-5.243743129547255,3.7078633319837926,"spiral1"
-5.110944458753664,3.34242128837455,"spiral1"
-5.354995777071587,3.5604417675951145,"spiral1"
-5.351604740270952,3.158275628212857,"spiral1"
-5.426308128679059,2.9726551854141214,"spiral1"
-5.586514760424385,2.7786821610293235,"spiral1"
-5.602806472483412,2.8146896642749795,"spiral1"
-5.819816721726117,2.642489091014054,"spiral1"
-5.923738598103117,2.227433887456937,"spiral1"
-5.991251219081825,2.3761577619620025,"spiral1"
-6.1454895015777495,2.1871344857824475,"spiral1"
-6.307194568390136,2.068681120303312,"spiral1"
-6.469471377725477,1.7162930760601192,"spiral1"
-6.355488682338996,1.5948098473708148,"spiral1"
-6.482092621771203,1.412214145517279,"spiral1"
-6.343510388967235,1.2196992603788814,"spiral1"
-6.592166581997235,0.87657591736065,"spiral1"
-6.675388256148036,0.7901932966670019,"spiral1"
-6.6025968617916,0.6708158554118144,"spiral1"
-6.623056398599135,0.3334271794303255,"spiral1"
-6.574522762085873,0.34291199558756164,"spiral1"
-6.768088360756075,0.1935272550329397,"spiral1"
-6.643962888884099,0.02251047708012155,"spiral1"
-6.803878500974507,-0.003627440003167476,"spiral1"
-6.739569151435827,-0.5176318823634393,"spiral1"
-6.70634344142458,-0.7438450609912276,"spiral1"
-6.54229052518859,-0.8574465385099971,"spiral1"
-6.837859951986943,-1.187286325542944,"spiral1"
-6.806094453283958,-1.1387533776924013,"spiral1"
-6.7972937874497354,-1.3764839269975928,"spiral1"
-6.5474253090802295,-1.6572798466826963,"spiral1"
-6.653456636628793,-2.013559332363391,"spiral1"
-6.486966008015054,-1.7601290551473276,"spiral1"
-6.5468498726041595,-2.202195243611554,"spiral1"
-6.5755927625048045,-2.29579662118462,"spiral1"
-6.526626153050975,-2.471044519029367,"spiral1"
-6.452420945518953,-2.725299587099698,"spiral1"
-6.391797361104757,-2.8474500789712107,"spiral1"
-6.309174138581338,-3.0385623074711314,"spiral1"
-6.326876882708043,-3.0545350519943417,"spiral1"
-6.068595885558592,-3.4937127556698493,"spiral1"
-6.172599674788763,-3.7020717069810445,"spiral1"
-5.9007938399866084,-3.8478294969345685,"spiral1"
-5.711917390679695,-4.055416345767086,"spiral1"
-5.705187842142621,-4.155310602886221,"spiral1"
-5.730709759403085,-4.401196463685832,"spiral1"
-5.483276591933419,-4.597073657629137,"spiral1"
-5.480045909424355,-4.7257795718330184,"spiral1"
-5.426669375121958,-5.003841224739121,"spiral1"
-4.934212372981068,-5.057031267450404,"spiral1"
-5.1554445227008685,-5.171734852796972,"spiral1"
-4.9339969992235515,-5.171978783562928,"spiral1"
-4.754120515151284,-5.476819166741873,"spiral1"
-4.547780971000495,-5.58437254310286,"spiral1"
-4.464347383345186,-5.842974902159253,"spiral1"
-4.408400901619942,-6.034943960790993,"spiral1"
-4.180702250989002,-6.053458434171488,"spiral1"
-3.9009501818449275,-6.207530050536023,"spiral1"
-3.784884154186814,-6.257785131648425,"spiral1"
-3.7893053925339064,-6.4601241021679,"spiral1"
-3.656763015659702,-6.5127412557975255,"spiral1"
-3.381083840453652,-6.68377982406368,"spiral1"
-3.1286376185233777,-6.923729771839107,"spiral1"
-2.9185654200908617,-6.961755561382594,"spiral1"
-2.779093871227041,-6.899054276475798,"spiral1"
-2.6732867001824285,-7.24634406025585,"spiral1"
-2.4562474408953356,-7.151591996555643,"spiral1"
-2.1511835963770887,-7.331352729353712,"spiral1"
-1.7707218558593807,-7.370394099733686,"spiral1"
-1.6747517067319273,-7.3661943773095455,"spiral1"
-1.4688759551260255,-7.340630311288436,"spiral1"
-1.34467823924612,-7.614782175323648,"spiral1"
-1.1804118265699821,-7.502182980924773,"spiral1"
-0.9882216291214168,-7.686593789392417,"spiral1"
-0.684227343141329,-7.769743513514038,"spiral1"
-0.4089864733366551,-7.904802107487965,"spiral1"
-0.2089327696633311,-7.751681151153406,"spiral1"
-0.003317068123447321,-7.734637837815282,"spiral1"
0.25951418959833356,-7.649093219932511,"spiral1"
0.4442676756107928,-7.822157574404708,"spiral1"
0.5372487683782055,-7.79681793701072,"spiral1"
1.0229692171868803,-7.680615777188752,"spiral1"
1.0131553411109402,-7.831781565964344,"spiral1"
1.3201963066305822,-7.913872443872855,"spiral1"
1.6393944478609093,-7.7505220133322394,"spiral1"
1.756413163842626,-7.762089477056924,"spiral1"
1.7865462743791525,-7.730623405952159,"spiral1"
2.0549062070454975,-7.665785486812534,"spiral1"
2.2256341862653697,-7.5814104466275225,"spiral1"
2.7583909165065337,-7.536085218656687,"spiral1"
2.7831259684058383,-7.466623513325387,"spiral1"
3.0354370320132182,-7.403043220049637,"spiral1"
3.4130815182890637,-7.251270503033546,"spiral1"
3.571469345418931,-7.297888360643893,"spiral1"
3.6316646662630467,-7.070648697332782,"spiral1"
3.836239934816332,-7.279465415672955,"spiral1"
4.1581163707094735,-7.172157628365244,"spiral1"
4.207104218216587,-6.943925194053101,"spiral1"
4.550731684385749,-6.762448828991566,"spiral1"
4.77819053747893,-6.699637522291579,"spiral1"
5.02421127753421,-6.431019373926242,"spiral1"
5.206157514838702,-6.429350931621575,"spiral1"
5.42360689215455,-6.424537216581482,"spiral1"
5.630408014926037,-6.082375540345999,"spiral1"
5.631530227594278,-6.045045228488063,"spiral1"
5.829081566218377,-5.815519572331844,"spiral1"
5.921543351463678,-5.707322501574876,"spiral1"
6.194828002429012,-5.341154763692788,"spiral1"
6.314711769708843,-5.580380406756447,"spiral1"
6.542612708366309,-5.250037077269927,"spiral1"
6.810540601048951,-5.179087127845648,"spiral1"
6.927734257803062,-4.769795813562292,"spiral1"
6.927160087243217,-4.8673255920731044,"spiral1"
7.221236176349003,-4.610707704427826,"spiral1"
7.388787064912701,-4.345811613703393,"spiral1"
7.503621787426837,-4.176469684333632,"spiral1"
7.590377456134425,-3.867367417100826,"spiral1"
7.9410603948144,-3.6530491519165587,"spiral1"
7.815093549348209,-3.3869600620772373,"spiral1"
8.032130750591893,-3.301469804111205,"spiral1"
7.932166399627926,-3.069321205424884,"spiral1"
8.15188488955734,-2.814399022976587,"spiral1"
8.35133446425205,-2.725695531911741,"spiral1"
8.53711025794093,-2.3888958532992444,"spiral1"
8.427587755818731,-2.091911995311569,"spiral1"
8.424545366924693,-2.023086970553435,"spiral1"
8.666345264012973,-1.5857075896720887,"spiral1"
8.695901301710025,-1.4552393776600254,"spiral1"
8.839321761632196,-1.312231890255498,"spiral1"
8.636095166311295,-0.9759601626556379,"spiral1"
8.757512929311154,-0.5420370842781548,"spiral1"
8.687147770321278,-0.30925938443304857,"spiral1"
8.907221664506562,-0.27514511925558516,"spiral1"
8.865523318568652,-0.015891606455886685,"spiral1"
9.035207300315372,0.2858653489861972,"spiral1"
8.977151812642708,0.4312246213137032,"spiral1"
8.981682978197552,0.8931580725564492,"spiral1"
8.877130175846235,1.1238772545742681,"spiral1"
8.828131487541635,1.4183767716772087,"spiral1"
9.00334669709506,1.5253748081574519,"spiral1"
9.040733596706778,1.831895801866787,"spiral1"
8.893798141952555,1.8674236093071765,"spiral1"
8.628280520185772,2.4381895447505713,"spiral1"
8.584824903905396,2.440001276327671,"spiral1"
8.636081973217452,3.0819539225343244,"spiral1"
8.579132594404033,3.051658670313894,"spiral1"
8.371246951497495,3.454841193597219,"spiral1"
8.487288101743427,3.5882921589791996,"spiral1"
8.402660672849223,3.8249050009430854,"spiral1"
8.204986279136069,3.9450805321353197,"spiral1"
8.08026320466503,4.276845672418026,"spiral1"
7.942261948916752,4.506604773144406,"spiral1"
7.941557850148567,4.612971238742231,"spiral1"
7.768433580024847,4.835265139547152,"spiral1"
7.516001616689064,5.3348598633091475,"spiral1"
7.606648621363091,5.504169108657272,"spiral1"
7.6668642926668955,5.65952312569026,"spiral1"
7.097053301246291,5.916892457175377,"spiral1"
7.2375520781686955,6.031170704170145,"spiral1"
7.021839220816533,6.508087244441232,"spiral1"
6.760878267333186,6.268209392035185,"spiral1"
6.601517595626727,6.841053247148816,"spiral1"
6.506023284770902,7.013105245225383,"spiral1"
6.329451698666675,7.0545471339248085,"spiral1"
5.865698516319773,7.134822983336829,"spiral1"
5.936446990567859,7.466454292291277,"spiral1"
5.568771600577397,7.493515290308895,"spiral1"
5.271668347822599,7.946168665324718,"spiral1"
5.3338460925490265,8.004634860909404,"spiral1"
5.032039240846319,8.2224251021522,"spiral1"
4.767842868762984,8.522757652283435,"spiral1"
4.41221689625081,8.35514788294286,"spiral1"
4.313317238094432,8.570118061374822,"spiral1"
3.936017246649913,8.879175037039845,"spiral1"
3.8510756800233326,8.905510738592818,"spiral1"
3.801131642162865,9.015489087948984,"spiral1"
3.2470849364407166,9.24645114561555,"spiral1"
3.115158368616891,9.160060279474386,"spiral1"
3.104382788835558,9.472497903675276,"spiral1"
2.3896897647503197,9.385256183209625,"spiral1"
2.0929577489709885,9.553398666446054,"spiral1"
2.0104307805485586,9.65358009991274,"spiral1"
1.6700707650206092,9.561835658228645,"spiral1"
1.3587192938507293,9.861941688158591,"spiral1"
1.3107480084675338,9.857611050061413,"spiral1"
0.9881977464791032,9.913493856082681,"spiral1"
0.5282004297698493,9.898366707919475,"spiral1"
0.30852358927003426,9.995397031812228,"spiral1"
0.25239880127202713,9.971480010892897,"spiral1"
-0.21587593531185217,10.179656758241554,"spiral1"
-0.49829781051324834,10.068783189308755,"spiral1"
-0.7014528652642841,10.079673625355522,"spiral1"
-1.0205210996276197,10.116980974456403,"spiral1"
-1.313938949704807,9.991639654211587,"spiral1"
-1.8028223616940617,9.859397461139539,"spiral1"
-1.9140220145814704,10.127386861375461,"spiral1"
-2.270291277484935,10.048844979174048,"spiral1"
-2.561141300840651,10.008306567512067,"spiral1"
-3.0244662720039233,9.952746468134503,"spiral1"
-3.05901077640553,9.89300921714665,"spiral1"
-3.2989143766198854,9.718386481578415,"spiral1"
-3.485763481159948,9.409666426071285,"spiral1"
-4.0228346620286475,9.561566629032791,"spiral1"
-4.105571758124792,9.296755092845306,"spiral1"
-4.552671153842101,9.548818549557222,"spiral1"
-4.712680079336863,9.184189635631462,"spiral1"
-4.853836396782231,9.058835241758558,"spiral1"
-5.080446236277523,8.867332128543083,"spiral1"
-5.629675113752351,8.810456632303234,"spiral1"
-5.743034806113182,8.65769604120117,"spiral1"
-5.958816037145461,8.49996765315051,"spiral1"
-6.045924869224649,8.394194703020782,"spiral1"
-6.398930945599642,8.242406559114988,"spiral1"
-6.7356135759504,7.984419970462401,"spiral1"
-7.1790065937334315,7.805721716122547,"spiral1"
-7.152339061587499,7.669394083817263,"spiral1"
-7.408882793644749,7.391180760317919,"spiral1"
-7.705799487301586,7.435086952652285,"spiral1"
-7.861528876996065,7.089855601752012,"spiral1"
-8.19947021313921,6.634325740600323,"spiral1"
-8.28424120578798,6.795967853691429,"spiral1"
-8.46169850710375,6.446992020363279,"spiral1"
-8.640938009543909,6.170278657795007,"spiral1"
-8.967956727501438,5.786161090600247,"spiral1"
-9.081605787278596,5.658598179395769,"spiral1"
-9.269202442672636,5.5365461231160245,"spiral1"
-9.476618312219228,5.19599200243276,"spiral1"
-9.480449788953525,4.913507770053868,"spiral1"
-9.6344757976023,4.811521188985311,"spiral1"
-10.02064252815887,4.606313080916419,"spiral1"
-10.038676223534512,4.05720465040408,"spiral1"
-9.994176386866394,3.8149913709290684,"spiral1"
-10.269213250366112,3.701573694757951,"spiral1"
-10.312933714227652,3.3643786744624666,"spiral1"
-10.49182634065738,2.9286115894668496,"spiral1"
-10.558100104490148,2.7238378840146327,"spiral1"
-10.641191387602404,2.255980750757995,"spiral1"
-10.9149546536733,1.900827705342639,"spiral1"
-10.847231562808217,1.8697829499935594,"spiral1"
-10.850071200618126,1.54606978937142,"spiral1"
-10.936739409648435,1.1732782186147779,"spiral1"
-11.238088610170315,1.046808275210918,"spiral1"
-11.14045089014113,0.6158531858717409,"spiral1"
-10.999081366156142,0.25929117773106547,"spiral1"
-11.170835931050235,0.013565835500858874,"spiral1"
-11.254288953816284,-0.41677845091463395,"spiral1"
-11.162791865917413,-0.6933148447055711,"spiral1"
-11.022811396126803,-1.0604938712496446,"spiral1"
-11.343852494849124,-1.221660592852239,"spiral1"
-11.191379785004647,-1.627582353215164,"spiral1"
-11.125748387225496,-1.9120454633917772,"spiral1"
-11.120925564290156,-2.091091396712336,"spiral1"
-10.895916943536065,-2.590594369251452,"spiral1"
-11.039967402569584,-3.0260734317101026,"spiral1"
-11.10645121802575,-3.381961402330672,"spiral1"
-10.626716846016315,-3.4920730202546655,"spiral1"
-10.619568186119357,-3.8193617801762323,"spiral1"
-10.507275142916665,-4.116706629963275,"spiral1"
-10.446828243115739,-4.395043153448318,"spiral1"
-10.390964093772407,-4.817705282550795,"spiral1"
-10.293903283076673,-5.085359059162076,"spiral1"
-10.264312956721215,-5.302822413993176,"spiral1"
-10.149784139192642,-5.426882180380598,"spiral1"
-9.98937240453584,-5.799551118927765,"spiral1"
-9.954449495110168,-6.244680108983163,"spiral1"
-9.556751760747597,-6.546223108816626,"spiral1"
-9.392053535686923,-6.662862850673118,"spiral1"
-9.126243148021123,-7.109890155919996,"spiral1"
-9.026446165543216,-7.138709632209061,"spiral1"
-8.83229159533538,-7.596203328571605,"spiral1"
-8.479873505587369,-7.857836336201404,"spiral1"
-8.335002682001862,-8.129275208687542,"spiral1"
-7.980660186478792,-8.474091512412272,"spiral1"
-7.991146233898433,-8.650938592511341,"spiral1"
-7.775905807355094,-8.794563653825703,"spiral1"
-7.470018328569184,-9.09577624684055,"spiral1"
-7.448718827781779,-9.201815833408812,"spiral1"
-6.935301602253645,-9.456239238767528,"spiral1"
-6.5215891892175515,-9.760679250701461,"spiral1"
-6.504428937185106,-9.873883586294816,"spiral1"
-6.292644970554279,-10.063709366680989,"spiral1"
-5.78916753173285,-10.08439981492884,"spiral1"
-5.6331731770774045,-10.553119941371834,"spiral1"
-5.370373285973664,-10.623710863218797,"spiral1"
-5.086136552243007,-10.93664314682438,"spiral1"
-4.606417152478546,-11.130344647341213,"spiral1"
-4.511790693007708,-11.003773400943574,"spiral1"
-4.040954774475145,-11.237585498229025,"spiral1"
-3.8247221680060575,-11.418471937405359,"spiral1"
-3.460196960765376,-11.501445491075918,"spiral1"
-3.2739183656306277,-11.643214375022255,"spiral1"
-2.681747116157903,-11.530790848620105,"spiral1"
-2.4874435484152957,-11.78494400013681,"spiral1"
-2.097317820859578,-11.816469741271897,"spiral1"
-1.8118092818743319,-11.773326912072566,"spiral1"
-1.6849585273068044,-11.931586173621834,"spiral1"
-1.1403631542101804,-11.94425571454131,"spiral1"
-0.8022522558018497,-12.102245346662905,"spiral1"
-0.7211313162687976,-12.246809596807347,"spiral1"
-0.18441930575420615,-12.05425337779413,"spiral1"
0.22586857825142367,-12.06607615626573,"spiral1"
0.3933402126054294,-12.140185438946698,"spiral1"
0.7681456720264775,-12.191739881407095,"spiral1"
1.1715546731225137,-12.133172915649112,"spiral1"
1.603436542169946,-12.297542787439022,"spiral1"
1.9759219726400117,-12.024166420436874,"spiral1"
2.2148985236436998,-11.969444797191626,"spiral1"
2.6566688992367675,-12.004039591832607,"spiral1"
2.962345599954174,-11.928342727080805,"spiral1"
3.3247124915638633,-12.003815511511696,"spiral1"
3.6983338101282004,-11.78974181517728,"spiral1"
3.9514033522372243,-11.906435320099801,"spiral1"
4.446026033645805,-11.875179535875288,"spiral1"
4.534456243327153,-11.64664338313997,"spiral1"
4.832544572941321,-11.449217623835276,"spiral1"
5.32756061092114,-11.240649674218412,"spiral1"
5.741964017073991,-11.156499908121631,"spiral1"
5.987883862954635,-11.148128168747235,"spiral1"
6.349203252567829,-10.776422091764438,"spiral1"
6.517453901709843,-10.871306682751042,"spiral1"
6.8881100724915445,-10.466768727591719,"spiral1"
7.155241325426616,-10.342052033401213,"spiral1"
7.692700951928102,-10.092871393639694,"spiral1"
7.989216854536202,-9.832666171077317,"spiral1"
8.093449925509836,-9.888071362630226,"spiral1"
8.50143401582789,-9.410985438427598,"spiral1"
8.730477535577418,-9.263713746649032,"spiral1"
9.057374353592044,-9.12367730577032,"spiral1"
9.146257698054756,-8.670373238457222,"spiral1"
9.446781238615557,-8.574525340959955,"spiral1"
9.80411924012911,-8.222987630497864,"spiral1"
9.855832576779104,-8.093901311888935,"spiral1"
10.185291673063503,-7.849885815009322,"spiral1"
10.390964131383349,-7.428685090087311,"spiral1"
10.787439013400618,-7.172921387900666,"spiral1"
10.894914722072205,-6.88882985335486,"spiral1"
11.119371195496942,-6.642374879107139,"spiral1"
11.246314977716754,-6.387265086676286,"spiral1"
11.612081581456351,-6.077085910184456,"spiral1"
11.817380406582126,-5.784074269272463,"spiral1"
11.766792639870813,-5.456941395297489,"spiral1"
12.001434105174917,-5.091028481639629,"spiral1"
12.25241086781013,-4.787851794799474,"spiral1"
12.475585502140232,-4.127715703115813,"spiral1"
12.315446160528927,-4.053522687634023,"spiral1"
12.464141299030565,-3.757708367331745,"spiral1"
12.869409401704953,-3.1895149740004727,"spiral1"
12.798969621689501,-2.8728435920478526,"spiral1"
12.986994277065092,-2.595769073676102,"spiral1"
13.019382297658805,-2.3602594108120827,"spiral1"
13.067778097355017,-1.7388251319920531,"spiral1"
13.322110138131803,-1.634507669472031,"spiral1"
13.233511765267727,-1.2674855706873616,"spiral1"
13.272114252041582,-0.8973863195563103,"spiral1"
13.21118022408949,-0.33578119169609294,"spiral1"
13.366220104017579,0.1624808999042796,"spiral1"
-0.11163242155265547,-1.2335704500715656,"spiral2"
0.08037422172875079,-1.2894619661469453,"spiral2"
0.10644416106490193,-1.2281362888446201,"spiral2"
0.2440757497331502,-1.4101507883917244,"spiral2"
0.08444798696669056,-1.354202334517466,"spiral2"
0.27775068494321775,-1.5650871349798703,"spiral2"
0.2569553681977666,-1.2858347558448608,"spiral2"
0.31528337492453495,-1.687249916954236,"spiral2"
0.3774287271802297,-1.5420276882909103,"spiral2"
0.5002084042862421,-1.3965667073872048,"spiral2"
0.42830805543588674,-1.3088942431193533,"spiral2"
0.46383103942133974,-1.532290816107849,"spiral2"
0.44884665285022163,-1.5889355814153014,"spiral2"
0.5361622022322876,-1.545305585313862,"spiral2"
0.5958909497915454,-1.5850123265950866,"spiral2"
0.5320827084105216,-1.692783121146225,"spiral2"
0.7887931885923484,-1.554497041936376,"spiral2"
0.8627167472932818,-1.3730237094368687,"spiral2"
0.8330043867340015,-1.5094408864842699,"spiral2"
1.0432670874597956,-1.6133152109851874,"spiral2"
1.1446270240382788,-1.5011020679697298,"spiral2"
0.9799556153174259,-1.4545995069948583,"spiral2"
1.073217674911378,-1.438892012343706,"spiral2"
1.2277487502006457,-1.1909327643023984,"spiral2"
1.2640698905199237,-1.3539723060766848,"spiral2"
1.3886031066719449,-1.5023319478116366,"spiral2"
1.2563671105065093,-1.4399139956172569,"spiral2"
1.477850982090434,-1.2237728695618262,"spiral2"
1.5666208784324458,-1.2643454566270413,"spiral2"
1.4031658000564975,-1.254054130498355,"spiral2"
1.5341916112914942,-1.3648172314782678,"spiral2"
1.4816090994424111,-1.2273793291952377,"spiral2"
1.4062244875051255,-1.2415549007971294,"spiral2"
1.496824353852972,-1.1233778972887176,"spiral2"
1.8905313995524113,-1.2062702784027872,"spiral2"
1.812586999980387,-1.0009312640656585,"spiral2"
1.7135843028744762,-1.0495241001938396,"spiral2"
1.7806815679363799,-1.1194630168926907,"spiral2"
1.9432918298231747,-0.9809291563315699,"spiral2"
1.9782479325498858,-0.7431598911935973,"spiral2"
2.0241472756088865,-0.7621064083079518,"spiral2"
1.9234737232178454,-0.5065180287378324,"spiral2"
2.158354224968122,-0.7643085820544139,"spiral2"
2.118002591103448,-0.6603511553256963,"spiral2"
1.996527757421668,-0.64358886092539,"spiral2"
2.0157712178426763,-0.569956422159692,"spiral2"
2.173157285931908,-0.5714173623204556,"spiral2"
2.2654084284721554,-0.5536187121904566,"spiral2"
2.28790259805717,-0.3823189400898066,"spiral2"
2.2819608421589774,-0.11928043810239919,"spiral2"
2.2285787953088354,-0.5045423899609718,"spiral2"
2.3331505292586487,0.013679512021057022,"spiral2"
2.2080961835440793,-0.2586766543683662,"spiral2"
2.5001881777718444,-0.08810007537817655,"spiral2"
2.52621904886309,0.1388315521099035,"spiral2"
2.4492062841267783,0.09900986920015717,"spiral2"
2.4453417759368348,0.13544068414645713,"spiral2"
2.426454584107842,0.15152571850275345,"spiral2"
2.351449144741363,0.19922643167579449,"spiral2"
2.475111870842838,0.4102231952108263,"spiral2"
2.5278963913227153,0.25299707690190104,"spiral2"
2.6219365843210514,0.5827101665064238,"spiral2"
2.641239568907591,0.39746943713790706,"spiral2"
2.6276551949011338,0.5374262636160709,"spiral2"
2.530866721077176,0.7191671243244439,"spiral2"
2.5269444376412813,0.6030005347261912,"spiral2"
2.451043936983229,0.7223913136478205,"spiral2"
2.523464726469468,0.8801225530534932,"spiral2"
2.4912704768604987,0.9349505312773857,"spiral2"
2.4165538205264236,1.140779712836503,"spiral2"
2.341341067813453,1.1341042743633778,"spiral2"
2.530995342895882,1.1365773019047407,"spiral2"
2.492123839718893,1.3986566090786692,"spiral2"
2.510947669515649,1.2434535707853187,"spiral2"
2.365979390682682,1.5253726506395666,"spiral2"
2.416100097700349,1.6284568234254746,"spiral2"
2.576877537302466,1.7439366698396372,"spiral2"
2.362817691901135,1.7352536125155384,"spiral2"
2.2416412283991125,1.8689727541694643,"spiral2"
2.243336001681571,1.8103507546411843,"spiral2"
2.0628980422282917,1.9033869935061114,"spiral2"
2.0015467731124312,2.003356842249218,"spiral2"
2.465579153317355,2.1339363754328864,"spiral2"
2.123024743678521,2.24038609159341,"spiral2"
2.0625604042450227,2.215703443605817,"spiral2"
1.983334778471667,2.385028787032253,"spiral2"
1.878281635196401,2.4272844037880184,"spiral2"
2.0085310390007622,2.316213593013442,"spiral2"
1.9584637726224927,2.425372293219273,"spiral2"
1.7041770561834955,2.5001919612349752,"spiral2"
1.6980041413709048,2.6145306533300916,"spiral2"
1.58183002894191,2.7235812056143556,"spiral2"
1.5948381609885598,2.7515498630396573,"spiral2"
1.5675050231048353,2.8224811555883793,"spiral2"
1.4001103628748972,2.703066420505537,"spiral2"
1.2474502936631726,2.971329917825593,"spiral2"
1.0811364175821419,2.991550712043867,"spiral2"
1.3126979907928864,2.9226561388079695,"spiral2"
1.2234389044029697,3.122633482171521,"spiral2"
1.06214457275279,3.3646234294006043,"spiral2"
0.7372259681327598,3.0646987094760454,"spiral2"
0.9859877591318061,3.464363079963188,"spiral2"
0.7532084821591923,3.2537808194385867,"spiral2"
0.8555043495738321,3.4259656103309686,"spiral2"
0.6235026996690759,3.3855521261040673,"spiral2"
0.540032688026175,3.2950742692203967,"spiral2"
0.29607359393646526,3.477669817621555,"spiral2"
0.154741825584359,3.4485508440550845,"spiral2"
0.08741488753174201,3.649821844767338,"spiral2"
0.13712574766691576,3.4555752587732833,"spiral2"
-0.08703824773665865,3.5417547748823934,"spiral2"
-0.07194840015389357,3.6666034639070664,"spiral2"
-0.1972662095706827,3.449739897087146,"spiral2"
-0.3577885051806835,3.607514378836087,"spiral2"
-0.5616693359107625,3.691565752778863,"spiral2"
-0.45551261643377705,3.5053211011129464,"spiral2"
-0.556549527706272,3.6685316291016905,"spiral2"
-0.6344474758199283,3.5934980363537052,"spiral2"
-0.788307694699255,3.583654203637082,"spiral2"
-0.9227451434827788,3.5026212112648705,"spiral2"
-1.0331444435979482,3.5061154861981674,"spiral2"
-1.4554937952691924,3.569444179807872,"spiral2"
-1.1745576448216584,3.4490334277589194,"spiral2"
-1.2576155832519327,3.478893686425289,"spiral2"
-1.441113289172618,3.7388473890132374,"spiral2"
-1.5970944538821994,3.5545758574915256,"spiral2"
-1.7090242538876963,3.359045926707838,"spiral2"
-1.6719766954343234,3.395457703770778,"spiral2"
-1.8796824654190565,3.2490424602538304,"spiral2"
-1.9058693327688943,3.366692912438667,"spiral2"
-2.1310840817648273,3.2632127288569857,"spiral2"
-2.065726710600763,3.154982037193148,"spiral2"
-2.3781989478506906,3.445009539525181,"spiral2"
-2.424771667595071,3.2009981853627005,"spiral2"
-2.6276942573932756,3.0476009469053778,"spiral2"
-2.5883911502056547,3.155916654758668,"spiral2"
-2.61189030753858,2.9167291111816027,"spiral2"
-2.8640172955664434,3.0179314054566966,"spiral2"
-2.919689807252379,2.9859577502421533,"spiral2"
-2.9616404151564835,2.797153167959245,"spiral2"
-2.9871325517162073,2.7384121615459294,"spiral2"
-3.242373892976627,2.7250258404262913,"spiral2"
-3.228605636863002,2.720998561639135,"spiral2"
-3.422204867196953,2.6166177124920833,"spiral2"
-3.471918061162594,2.4541210944982907,"spiral2"
-3.4995567363124374,2.267268515800245,"spiral2"
-3.6343721037584147,2.335861793903627,"spiral2"
-3.5715641296145146,2.1596545227587587,"spiral2"
-3.742756840054015,2.061008489005338,"spiral2"
-3.717154981140519,2.0009094310873095,"spiral2"
-3.9135852816971135,1.839089443540393,"spiral2"
-4.07950109888177,1.7375692970703316,"spiral2"
-4.211484418402583,1.6038224530906986,"spiral2"
-4.013022197357977,1.612928523035372,"spiral2"
-4.131262693215408,1.368644537459227,"spiral2"
-4.155321792223182,1.1569012921557105,"spiral2"
-4.118418041763706,1.3354128794995983,"spiral2"
-4.401093200985403,0.9920228081728308,"spiral2"
-4.328240371656932,0.8948228450516507,"spiral2"
-4.302156409885257,0.8276504538142222,"spiral2"
-4.618718592501361,0.5495333980319344,"spiral2"
-4.516613751930932,0.5826371965441559,"spiral2"
-4.583098971842586,0.47525071524986373,"spiral2"
-4.423016763918895,0.2576531587850885,"spiral2"
-4.759100923695604,0.28801677917957874,"spiral2"
-4.583272519409233,0.10196718696643121,"spiral2"
-4.787307196876908,-0.16388196172841638,"spiral2"
-4.611436588329789,-0.42484389504439657,"spiral2"
-4.691165657677556,-0.20286647615721431,"spiral2"
-4.67827238013462,-0.38526471604794454,"spiral2"
-4.803675095526197,-0.6265435400238516,"spiral2"
-4.867856787118796,-0.6835183400363095,"spiral2"
-4.707571686751846,-0.8130711994149449,"spiral2"
-4.632196620055614,-0.968536488944296,"spiral2"
-4.723320359973256,-1.1984087610765273,"spiral2"
-4.682014286377284,-1.477350818515888,"spiral2"
-4.637081563784939,-1.3708921367575932,"spiral2"
-4.977302447183089,-1.6489037367851394,"spiral2"
-4.653458297801689,-1.6425543842876194,"spiral2"
-4.567258102107204,-1.6891402200585282,"spiral2"
-4.489928244625185,-1.866232104751043,"spiral2"
-4.70078111421907,-1.926610662057078,"spiral2"
-4.416570133352629,-2.1616466121723223,"spiral2"
-4.351051518749208,-2.4808428584634794,"spiral2"
-4.297190458060898,-2.3785980427091427,"spiral2"
-4.272051514946493,-2.647997086299635,"spiral2"
-3.9729237506100272,-2.8153986361780823,"spiral2"
-4.255058045344508,-2.875090751307189,"spiral2"
-4.220467875211984,-2.878360396718482,"spiral2"
-4.178966164908908,-3.121684409490027,"spiral2"
-3.94434406117405,-3.4052189607365397,"spiral2"
-4.152930153820154,-3.380980283954379,"spiral2"
-3.6978716948298613,-3.7232857296394157,"spiral2"
-3.6506872391367775,-3.600122423352339,"spiral2"
-3.637651585382241,-3.6682064655105644,"spiral2"
-3.7300853053439087,-3.8012527017735214,"spiral2"
-3.368615818454844,-4.010806437001804,"spiral2"
-3.351450026490729,-4.159197685149766,"spiral2"
-3.246738403267085,-4.312121479208703,"spiral2"
-3.2713417349166822,-4.327953791090162,"spiral2"
-3.137245809075214,-4.291074492800765,"spiral2"
-2.984335876795953,-4.506837518920684,"spiral2"
-2.672405305650275,-4.62204880043333,"spiral2"
-2.660820761507951,-4.727399092913331,"spiral2"
-2.593020855946378,-4.8453053875118846,"spiral2"
-2.273602990297251,-4.803547806295235,"spiral2"
-2.339517903761189,-5.085884136917901,"spiral2"
-2.0426771544013818,-4.9388307360121315,"spiral2"
-2.137936927634151,-5.0523224167603855,"spiral2"
-1.8272396636228494,-5.29298543393604,"spiral2"
-1.6526239572610366,-5.227706096207528,"spiral2"
-1.6796561274171584,-5.371442358129666,"spiral2"
-1.40568089043747,-5.4385623550780355,"spiral2"
-1.285167446191161,-5.513449384922382,"spiral2"
-1.0201403960197386,-5.536936865270543,"spiral2"
-1.0081718741666743,-5.737468475972035,"spiral2"
-0.8375819500391025,-5.447072272139359,"spiral2"
-0.6671257824157018,-5.549341598885232,"spiral2"
-0.4373609936860518,-5.541207786841055,"spiral2"
-0.3250021048338437,-5.756785301734752,"spiral2"
-0.38423637352541884,-5.625204145686055,"spiral2"
-0.11252415931550153,-5.722479037593273,"spiral2"
-0.09543223623089078,-5.570654652825974,"spiral2"
0.19414497550139315,-6.020414066474306,"spiral2"
0.5796290292491453,-5.904553292591435,"spiral2"
0.5788480325209192,-5.7717718981424175,"spiral2"
0.8609497694611455,-5.88419140066139,"spiral2"
1.0564519564146597,-5.666649940821337,"spiral2"
1.1443768712297866,-5.814651094310893,"spiral2"
1.344399870126973,-5.653169130964671,"spiral2"
1.4697515356743767,-5.79429107555104,"spiral2"
1.6301444364204651,-5.728186438193404,"spiral2"
1.8731032753904948,-5.6740778006533485,"spiral2"
2.1543717302278815,-5.734215161778981,"spiral2"
2.073183751661275,-5.637429015279461,"spiral2"
2.2340858272014046,-5.45164037271835,"spiral2"
2.332831187226961,-5.517763432833051,"spiral2"
2.6718540435803337,-5.685474536844185,"spiral2"
2.9746559427300103,-5.320231688427417,"spiral2"
3.0101332581781595,-5.396643860145817,"spiral2"
3.0274771412382337,-5.390601171145119,"spiral2"
3.227452828804099,-5.0806076629742405,"spiral2"
3.411298311581497,-5.259158105208548,"spiral2"
3.5421983206221954,-5.102356291796283,"spiral2"
3.7248222923406953,-5.060101111221612,"spiral2"
3.9379561032702544,-4.898227611295672,"spiral2"
4.208371729555073,-4.910387361487943,"spiral2"
4.312532207086459,-4.769619246096034,"spiral2"
4.250313655356401,-4.573328401235629,"spiral2"
4.3250734267639634,-4.4303365829282395,"spiral2"
4.524205316931054,-4.505415110532769,"spiral2"
4.769890164456417,-4.199957595747029,"spiral2"
4.8628927328447125,-4.213486513977782,"spiral2"
5.029633950227906,-3.930008413920106,"spiral2"
5.014272374413943,-3.7318493482618376,"spiral2"
5.255980682419406,-3.7111982758805873,"spiral2"
5.359541932038538,-3.8135281071119986,"spiral2"
5.675565369143957,-3.4391018589762323,"spiral2"
5.562108304022863,-3.2987114915171216,"spiral2"
5.725779056388893,-2.950800174770096,"spiral2"
5.868955831440388,-2.9117123283111908,"spiral2"
5.872429724642144,-2.9610631224230057,"spiral2"
5.878049792339636,-2.706942885122534,"spiral2"
6.08258479050123,-2.3732902254545505,"spiral2"
6.1841456692429,-2.2847806318388053,"spiral2"
6.277453753260597,-2.1249226474645817,"spiral2"
6.414115634842189,-1.9843536677916824,"spiral2"
6.5183848417037975,-1.981638187305172,"spiral2"
6.596266609127296,-1.8547937199149738,"spiral2"
6.538648414169746,-1.3994630914680437,"spiral2"
6.558759414624942,-1.3320325300144906,"spiral2"
6.8017678916114095,-1.2489031388812892,"spiral2"
6.526251280199554,-0.9140237093350096,"spiral2"
6.694442732098212,-0.8406176521392832,"spiral2"
6.69000297802624,-0.5384470665574204,"spiral2"
6.835551772669061,-0.4092288622239329,"spiral2"
6.903250317831933,-0.1874198882495047,"spiral2"
7.021356192264355,0.04957130370688981,"spiral2"
6.732024499075191,0.25605420566492726,"spiral2"
6.836729736207095,0.5757858046248081,"spiral2"
6.983436689704521,0.5893723933774974,"spiral2"
7.0242219554549825,1.0945256763505078,"spiral2"
7.033503655834672,0.9748385146923023,"spiral2"
6.886407303102223,1.3685011832816563,"spiral2"
6.947955319860308,1.4908761210908388,"spiral2"
6.760949677594159,1.60225434042372,"spiral2"
6.686141610749915,1.9774458392531922,"spiral2"
7.000633836759896,1.8547510598015362,"spiral2"
6.643810980935748,2.105729380728831,"spiral2"
6.784375956077579,2.551290376989843,"spiral2"
6.688959668469888,2.7082972137475334,"spiral2"
6.663602135568507,2.741750063330829,"spiral2"
6.53628503246724,2.839377272856801,"spiral2"
6.499261990103976,3.15048170999949,"spiral2"
6.475144559374256,3.533777133069279,"spiral2"
6.396106076927435,3.525723716103215,"spiral2"
6.169204836894551,3.7338562944875884,"spiral2"
6.119771004187085,3.8860532357066195,"spiral2"
6.117553860398529,4.0940070252410825,"spiral2"
5.99044902701059,4.352804974512961,"spiral2"
5.892614115080357,4.472851084964168,"spiral2"
5.696949125266586,4.587537233254379,"spiral2"
5.553162474724515,4.756260258003498,"spiral2"
5.411769969186011,5.158856428500295,"spiral2"
5.325240083840324,5.185023897449629,"spiral2"
5.11104555157168,5.305965756222617,"spiral2"
5.055882256483953,5.429952375642418,"spiral2"
4.858898323025105,5.68612415109467,"spiral2"
4.83938798880577,5.874329286064519,"spiral2"
4.4612144580145054,6.125586185917325,"spiral2"
4.567581944998713,6.133380200999468,"spiral2"
4.212428736657832,6.260768439338427,"spiral2"
3.965037260798172,6.464797160348692,"spiral2"
3.983016398976094,6.6117383488954,"spiral2"
3.6822732600911734,6.694017779578324,"spiral2"
3.471175133457306,6.634938426183631,"spiral2"
3.4001498305467988,6.905479001756941,"spiral2"
3.1807080560657015,6.952565032210532,"spiral2"
2.9042703817119753,6.878320078670843,"spiral2"
2.915763083896772,7.18199010502792,"spiral2"
2.6970345460491996,7.378532841191957,"spiral2"
2.427476171825931,7.41971462573554,"spiral2"
2.1695539078338806,7.394966378505713,"spiral2"
1.820948698152354,7.595194301323128,"spiral2"
1.9465830872762964,7.5729005504875415,"spiral2"
1.6704847662027549,7.860284581417468,"spiral2"
1.508565363028344,7.66555102660118,"spiral2"
1.1841091183772567,7.806020682403018,"spiral2"
1.0564771001049102,7.901884073221373,"spiral2"
0.765160449066359,7.94080956618659,"spiral2"
0.661294231006069,7.885922230365042,"spiral2"
0.3983653137914289,7.852665947661317,"spiral2"
0.0031529272918971174,7.8802403946444795,"spiral2"
-0.19854226313736822,7.950088926516229,"spiral2"
-0.1925285396427572,7.976632296431547,"spiral2"
-0.6529045133278168,8.054193195092134,"spiral2"
-0.7735674023044674,8.053979156191772,"spiral2"
-0.9464513557768177,8.019193963002918,"spiral2"
-1.4346420449484685,7.810676926769663,"spiral2"
-1.5784755293667088,8.01276059634422,"spiral2"
-1.8724618902115095,7.829271051746525,"spiral2"
-2.1253280009306033,7.900916299861623,"spiral2"
-2.414169480421585,7.950335375306418,"spiral2"
-2.3598919407388896,7.851331586085255,"spiral2"
-2.689284831521416,7.608782826721298,"spiral2"
-2.9193254229200924,7.738542538673039,"spiral2"
-3.2218089773819614,7.708676260204061,"spiral2"
-3.4641540880940616,7.555408686051948,"spiral2"
-3.6232603468142797,7.329661165736039,"spiral2"
-3.8274741685826688,7.470411238629947,"spiral2"
-3.922563102954324,7.258804192233584,"spiral2"
-4.064081015628242,7.112655889491802,"spiral2"
-4.523725418869367,7.115442076405029,"spiral2"
-4.5706143990592984,7.014033237262543,"spiral2"
-4.76027604298946,6.968189842052563,"spiral2"
-5.0700483823413,6.7913745740490565,"spiral2"
-5.196672578831199,6.74730436646398,"spiral2"
-5.506467661594998,6.371296217547408,"spiral2"
-5.797864405775196,6.244128984959283,"spiral2"
-5.72599055075252,6.254123559467296,"spiral2"
-5.9741012517457515,6.1776143187457455,"spiral2"
-6.09173947561727,5.821370685101579,"spiral2"
-6.3699248691858905,5.806261706177827,"spiral2"
-6.6663455571888965,5.803852684903413,"spiral2"
-6.749742280628656,5.4686542434192615,"spiral2"
-6.945726314546036,5.015380248516332,"spiral2"
-7.011972997421036,5.011654951626874,"spiral2"
-7.354243125085422,4.926845419534016,"spiral2"
-7.503542299749266,4.532561971705053,"spiral2"
-7.5265778652612445,4.627543779056006,"spiral2"
-7.71220916914465,4.095734452494216,"spiral2"
-7.879559888039477,4.024188798603027,"spiral2"
-7.778466893726987,3.898347793514163,"spiral2"
-8.117357744781321,3.5274868014683616,"spiral2"
-8.270241896741704,3.360356124116013,"spiral2"
-8.208477373420209,3.161910057642093,"spiral2"
-8.299512154134835,3.0026192997852985,"spiral2"
-8.420720544973452,2.6221376633662468,"spiral2"
-8.525452054388563,2.4000650784923208,"spiral2"
-8.73816910075113,2.205986231782656,"spiral2"
-8.703652017458424,2.1217499482384277,"spiral2"
-8.84551869595967,1.8072931938538377,"spiral2"
-9.026376223748523,1.4196256684148891,"spiral2"
-8.61659278862532,1.205848641594694,"spiral2"
-9.165611099497252,0.9343350108632023,"spiral2"
-9.060563463620884,0.86317864740458,"spiral2"
-8.825686680167651,0.438292031011691,"spiral2"
-9.059205588017642,0.1634539485420185,"spiral2"
-9.158447222644226,-0.1464870418935586,"spiral2"
-8.94512675546412,-0.3413515008715442,"spiral2"
-9.255962710403585,-0.6115533328499801,"spiral2"
-8.997253416770423,-0.7411892197260631,"spiral2"
-9.06757647891643,-1.0119860714763618,"spiral2"
-8.953790698876023,-1.3443505489752983,"spiral2"
-9.110457444145256,-1.7506095602907061,"spiral2"
-9.24332659796472,-1.9591682784384647,"spiral2"
-9.007979345208343,-2.1749193896836414,"spiral2"
-9.030452619954396,-2.29994655776937,"spiral2"
-8.836638555710772,-2.738631771239829,"spiral2"
-8.954479967133503,-2.792515659442548,"spiral2"
-9.003687991804801,-3.114727429301285,"spiral2"
-8.813595171984568,-3.449141357226595,"spiral2"
-8.693224411823744,-3.578614394386506,"spiral2"
-8.657554539065599,-3.8345643235374367,"spiral2"
-8.456289103445794,-4.217952408726641,"spiral2"
-8.346281013238485,-4.378677250441094,"spiral2"
-8.225443579117506,-4.730704195694778,"spiral2"
-8.124873878321996,-4.97113472022327,"spiral2"
-8.145334241967607,-5.056088663836105,"spiral2"
-7.981635087016903,-5.492640441971326,"spiral2"
-7.689764563286311,-5.666948035411396,"spiral2"
-7.676801640728399,-5.848278687683718,"spiral2"
-7.385024092549974,-6.19018013306224,"spiral2"
-7.1574239633619285,-6.529166797480241,"spiral2"
-7.315118082642958,-6.416035451247969,"spiral2"
-7.007851446894076,-6.515445120429818,"spiral2"
-6.673392321323868,-6.920791122473008,"spiral2"
-6.70191910002511,-7.018971922001996,"spiral2"
-6.2772512649100065,-7.3582660960138675,"spiral2"
-6.409500923555882,-7.40595004194796,"spiral2"
-6.030258884073754,-7.6470967121045375,"spiral2"
-5.749516390633685,-7.931701448838913,"spiral2"
-5.532279592537269,-8.001044073461273,"spiral2"
-5.514656263454822,-8.338085680189716,"spiral2"
-5.155954197704316,-8.5689772061946,"spiral2"
-4.840962272155464,-8.522592265716018,"spiral2"
-4.629030052403567,-8.5992485631325,"spiral2"
-4.339759465458297,-8.81756626206202,"spiral2"
-4.061540194363304,-9.101631471425636,"spiral2"
-4.074603727208235,-9.068039420920114,"spiral2"
-3.7885275761926116,-9.23246732259164,"spiral2"
-3.304503321988564,-9.467665393834857,"spiral2"
-3.154462063066936,-9.470041889998237,"spiral2"
-2.8945929411414295,-9.584317709573277,"spiral2"
-2.6199139807680347,-9.773686494310924,"spiral2"
-2.5082450774283656,-9.888144293951553,"spiral2"
-2.06707099374946,-9.773665662872508,"spiral2"
-1.848063655754009,-9.820675369354603,"spiral2"
-1.441160803642083,-9.981359498514918,"spiral2"
-1.1712279865706823,-10.145834538632508,"spiral2"
-0.9411127278923911,-10.184477259632951,"spiral2"
-0.6743671566572221,-10.158943586930073,"spiral2"
-0.33577800809331965,-10.119524390104184,"spiral2"
-0.16306400117015668,-10.297563789831798,"spiral2"
0.19151327087023345,-10.306148378870397,"spiral2"
0.32887990661298766,-10.298961201954532,"spiral2"
0.6661338279608549,-10.265729168076339,"spiral2"
0.9838484035542878,-10.243673137887738,"spiral2"
1.2929517759752824,-10.347883963882285,"spiral2"
1.4414890601783672,-10.275033556161226,"spiral2"
2.061923712959878,-10.264299171887254,"spiral2"
2.140523690213135,-10.187300200872661,"spiral2"
2.670598478244807,-10.14751602961731,"spiral2"
2.701937943500478,-10.03770590065373,"spiral2"
3.033872709229715,-9.807220382156073,"spiral2"
3.2596595562191357,-10.00457869613222,"spiral2"
3.645390695197312,-9.956386894090734,"spiral2"
3.9399996805917836,-9.723896091359546,"spiral2"
4.271056659892211,-9.534412856198637,"spiral2"
4.45174924079467,-9.708235329017935,"spiral2"
4.719811832393086,-9.450223188301495,"spiral2"
5.174771349576243,-9.304927295213773,"spiral2"
5.428594343133974,-9.29393569973058,"spiral2"
5.623836002181707,-8.985466603543886,"spiral2"
5.963613586043017,-8.848129983857786,"spiral2"
6.093314947642708,-8.630005059058858,"spiral2"
6.231979503435446,-8.55180913664579,"spiral2"
6.512969094177179,-8.489196997126562,"spiral2"
6.755317234931354,-8.372024259329278,"spiral2"
7.018539681282562,-8.02517691944495,"spiral2"
7.1670829309454085,-7.928608244958641,"spiral2"
7.705868481574845,-7.789413683809154,"spiral2"
7.939297998500322,-7.409249958600377,"spiral2"
8.042995625970521,-7.181297241985463,"spiral2"
8.057548500347014,-7.044339291377438,"spiral2"
8.232695631741029,-6.93280921623852,"spiral2"
8.682371227729302,-6.644595811510698,"spiral2"
8.743829734750545,-6.3389421878828145,"spiral2"
8.895006457647053,-6.13279102760806,"spiral2"
9.431232611101255,-6.159971103818517,"spiral2"
9.35929451560989,-5.420735856698773,"spiral2"
9.48668232562961,-5.2710794707855015,"spiral2"
9.774180587620517,-5.092403141894732,"spiral2"
9.925892198273054,-4.871047700275616,"spiral2"
9.864482414816292,-4.61241938179104,"spiral2"
10.150274144137583,-4.1057890500093315,"spiral2"
10.207476976370174,-3.9073241133404637,"spiral2"
10.29218963956407,-3.684763403711701,"spiral2"
10.546842100178438,-3.548653800764535,"spiral2"
10.71061585678663,-3.153956685499113,"spiral2"
10.66931597855091,-2.880169010671698,"spiral2"
10.94536024032004,-2.4225471570051043,"spiral2"
11.003506507147193,-2.1961071943535693,"spiral2"
11.040958585742898,-1.994159457157084,"spiral2"
11.033264074311809,-1.3436304941113106,"spiral2"
11.273344256868965,-1.3774625381399697,"spiral2"
11.303093534966447,-0.9149683569660485,"spiral2"
11.546979323653543,-0.8054202809992521,"spiral2"
11.341194329488847,-0.2615467696364604,"spiral2"
11.319408694915738,-0.23576882895414245,"spiral2"
